utc,logged_completed_requests,stage0_segment_count,stage0_segment_bytes,stage0_lockfile_count
2026-09-25T01:16:13.789687+00:00,0,0,0,53
2026-09-25T01:16:15.790833+00:00,0,0,0,53
2026-09-25T01:16:17.791774+00:00,0,0,0,53
2026-09-25T01:16:19.792678+00:00,0,0,0,53
2026-09-25T01:16:21.793679+00:00,0,0,0,53
2026-09-25T01:16:23.794583+00:00,0,0,0,53
2026-09-25T01:16:25.795529+00:00,0,0,0,53
2026-09-25T01:16:27.796820+00:00,0,0,0,53
2026-09-25T01:16:29.797856+00:00,0,0,0,53
2026-09-25T01:16:31.799287+00:00,0,0,0,53
2026-09-25T01:16:33.800343+00:00,0,0,0,53
2026-09-25T01:16:35.801342+00:00,0,0,0,53
2026-09-25T01:16:37.802318+00:00,0,0,0,53
2026-09-25T01:16:39.803200+00:00,0,0,0,53
2026-09-25T01:16:41.804098+00:00,0,0,0,53
2026-09-25T01:16:43.805175+00:00,0,0,0,53
2026-09-25T01:16:45.807025+00:00,0,0,0,53
2026-09-25T01:16:47.808747+00:00,0,0,0,53
2026-09-25T01:16:49.809924+00:00,0,0,0,53
2026-09-25T01:16:51.811067+00:00,0,0,0,53
2026-09-25T01:16:53.812082+00:00,0,0,0,53
2026-09-25T01:16:55.812995+00:00,0,0,0,53
2026-09-25T01:16:57.814058+00:00,0,3,2177,56
2026-09-25T01:16:59.815324+00:00,1,0,0,53
2026-09-25T01:17:01.816490+00:00,1,0,0,53
2026-09-25T01:17:03.817857+00:00,1,0,0,53
2026-09-25T01:17:05.819062+00:00,1,0,0,53
2026-09-25T01:17:07.820182+00:00,1,0,0,53
2026-09-25T01:17:09.821331+00:00,1,0,0,53
2026-09-25T01:17:11.822446+00:00,1,0,0,53
2026-09-25T01:17:13.823475+00:00,1,1,787,54
2026-09-25T01:17:15.824642+00:00,2,0,0,53
2026-09-25T01:17:17.825804+00:00,2,0,0,53
2026-09-25T01:17:19.827476+00:00,2,0,0,53
2026-09-25T01:17:21.828631+00:00,2,0,0,53
2026-09-25T01:17:23.829819+00:00,2,0,0,53
2026-09-25T01:17:25.830954+00:00,2,0,0,53
2026-09-25T01:17:27.831939+00:00,2,0,0,53
2026-09-25T01:17:29.832932+00:00,2,0,0,53
2026-09-25T01:17:31.834192+00:00,3,0,0,53
2026-09-25T01:17:33.835270+00:00,3,0,0,53
2026-09-25T01:17:35.836375+00:00,3,0,0,53
2026-09-25T01:17:37.837510+00:00,3,0,0,53
2026-09-25T01:17:39.838666+00:00,3,0,0,53
2026-09-25T01:17:41.839822+00:00,3,0,0,53
2026-09-25T01:17:43.840881+00:00,3,0,0,53
2026-09-25T01:17:45.842379+00:00,3,0,0,53
2026-09-25T01:17:47.843573+00:00,4,0,0,53
2026-09-25T01:17:49.844679+00:00,4,0,0,53
2026-09-25T01:17:51.846368+00:00,4,0,0,53
2026-09-25T01:17:53.847472+00:00,4,0,0,53
2026-09-25T01:17:55.848566+00:00,4,0,0,53
2026-09-25T01:17:57.849712+00:00,4,0,0,53
2026-09-25T01:17:59.850922+00:00,4,0,0,53
2026-09-25T01:18:01.852153+00:00,5,0,0,53
2026-09-25T01:18:03.853322+00:00,5,0,0,53
2026-09-25T01:18:05.854357+00:00,5,0,0,53
2026-09-25T01:18:07.855543+00:00,5,0,0,53
2026-09-25T01:18:09.856661+00:00,5,0,0,53
2026-09-25T01:18:11.857870+00:00,5,0,0,53
2026-09-25T01:18:13.858953+00:00,5,0,0,53
2026-09-25T01:18:15.859933+00:00,5,0,0,53
2026-09-25T01:18:17.861051+00:00,6,0,0,53
2026-09-25T01:18:19.862155+00:00,6,0,0,53
2026-09-25T01:18:21.863322+00:00,6,0,0,53
2026-09-25T01:18:23.864440+00:00,6,0,0,53
2026-09-25T01:18:25.865508+00:00,6,0,0,53
2026-09-25T01:18:27.866642+00:00,6,0,0,53
2026-09-25T01:18:29.867896+00:00,6,0,0,53
2026-09-25T01:18:31.868989+00:00,6,0,0,53
2026-09-25T01:18:33.870169+00:00,7,0,0,53
2026-09-25T01:18:35.871301+00:00,7,0,0,53
2026-09-25T01:18:37.872443+00:00,7,0,0,53
2026-09-25T01:18:39.873548+00:00,7,0,0,53
2026-09-25T01:18:41.874787+00:00,7,0,0,53
2026-09-25T01:18:43.875844+00:00,7,0,0,53
2026-09-25T01:18:45.877053+00:00,7,0,0,53
2026-09-25T01:18:47.878131+00:00,7,0,0,53
2026-09-25T01:18:49.879246+00:00,8,0,0,53
2026-09-25T01:18:51.880301+00:00,8,0,0,53
2026-09-25T01:18:53.881395+00:00,8,0,0,53
2026-09-25T01:18:55.882515+00:00,8,0,0,53
2026-09-25T01:18:57.883723+00:00,8,0,0,53
2026-09-25T01:18:59.884857+00:00,8,0,0,53
2026-09-25T01:19:01.885909+00:00,8,0,0,53
2026-09-25T01:19:03.886914+00:00,8,0,0,53
2026-09-25T01:19:05.887867+00:00,9,0,0,53
2026-09-25T01:19:07.889434+00:00,9,0,0,53
2026-09-25T01:19:09.890649+00:00,9,0,0,53
2026-09-25T01:19:11.891854+00:00,9,0,0,53
2026-09-25T01:19:13.892908+00:00,9,0,0,53
2026-09-25T01:19:15.894097+00:00,9,0,0,53
2026-09-25T01:19:17.895082+00:00,9,0,0,53
2026-09-25T01:19:19.896142+00:00,9,0,0,53
2026-09-25T01:19:21.897288+00:00,10,0,0,53
2026-09-25T01:19:23.898476+00:00,10,0,0,53
2026-09-25T01:19:25.899637+00:00,10,0,0,53
2026-09-25T01:19:27.900787+00:00,10,0,0,53
2026-09-25T01:19:29.901985+00:00,10,0,0,53
2026-09-25T01:19:31.903023+00:00,10,0,0,53
2026-09-25T01:19:33.904047+00:00,10,0,0,53
2026-09-25T01:19:35.905083+00:00,10,0,0,53
2026-09-25T01:19:37.906289+00:00,11,0,0,53
2026-09-25T01:19:39.907478+00:00,11,0,0,53
2026-09-25T01:19:41.908656+00:00,11,0,0,53
2026-09-25T01:19:43.909819+00:00,11,0,0,53
2026-09-25T01:19:45.910980+00:00,11,0,0,53
2026-09-25T01:19:47.912216+00:00,11,0,0,53
2026-09-25T01:19:49.913283+00:00,11,0,0,53
2026-09-25T01:19:51.914591+00:00,12,0,0,53
2026-09-25T01:19:53.916087+00:00,12,0,0,53
2026-09-25T01:19:55.917205+00:00,12,0,0,53
2026-09-25T01:19:57.918384+00:00,12,0,0,53
2026-09-25T01:19:59.919421+00:00,12,0,0,53
2026-09-25T01:20:01.920526+00:00,12,0,0,53
2026-09-25T01:20:03.921795+00:00,12,0,0,53
2026-09-25T01:20:05.922791+00:00,12,0,0,53
2026-09-25T01:20:07.923948+00:00,13,0,0,53
2026-09-25T01:20:09.925434+00:00,13,0,0,53
2026-09-25T01:20:11.926904+00:00,13,0,0,53
2026-09-25T01:20:13.928020+00:00,13,0,0,53
2026-09-25T01:20:15.929027+00:00,13,0,0,53
2026-09-25T01:20:17.930188+00:00,13,0,0,53
2026-09-25T01:20:19.931345+00:00,13,0,0,53
2026-09-25T01:20:21.932487+00:00,13,0,0,53
2026-09-25T01:20:23.933773+00:00,14,0,0,53
2026-09-25T01:20:25.934893+00:00,14,0,0,53
2026-09-25T01:20:27.936337+00:00,14,0,0,53
2026-09-25T01:20:29.937570+00:00,14,0,0,53
2026-09-25T01:20:31.938794+00:00,14,0,0,53
2026-09-25T01:20:33.940145+00:00,14,0,0,53
2026-09-25T01:20:35.941366+00:00,14,0,0,53
2026-09-25T01:20:37.942390+00:00,14,0,0,53
2026-09-25T01:20:39.943542+00:00,15,0,0,53
2026-09-25T01:20:41.944720+00:00,15,0,0,53
2026-09-25T01:20:43.945858+00:00,15,0,0,53
2026-09-25T01:20:45.947058+00:00,15,0,0,53
2026-09-25T01:20:47.948181+00:00,15,0,0,53
2026-09-25T01:20:49.949253+00:00,15,0,0,53
2026-09-25T01:20:51.950360+00:00,15,0,0,53
2026-09-25T01:20:53.951567+00:00,15,0,0,53
2026-09-25T01:20:55.952833+00:00,16,0,0,53
2026-09-25T01:20:57.954253+00:00,16,0,0,53
2026-09-25T01:20:59.955386+00:00,16,0,0,53
2026-09-25T01:21:01.956602+00:00,16,0,0,53
2026-09-25T01:21:03.957749+00:00,16,0,0,53
2026-09-25T01:21:05.958866+00:00,16,0,0,53
2026-09-25T01:21:07.960395+00:00,16,0,0,53
2026-09-25T01:21:09.961593+00:00,17,0,0,53
2026-09-25T01:21:11.962755+00:00,17,0,0,53
2026-09-25T01:21:13.964006+00:00,17,0,0,53
2026-09-25T01:21:15.965037+00:00,17,0,0,53
2026-09-25T01:21:17.966685+00:00,17,0,0,53
2026-09-25T01:21:19.967893+00:00,17,0,0,53
2026-09-25T01:21:21.969135+00:00,17,0,0,53
2026-09-25T01:21:23.970241+00:00,17,0,0,53
2026-09-25T01:21:25.971703+00:00,18,0,0,53
2026-09-25T01:21:27.972860+00:00,18,0,0,53
2026-09-25T01:21:29.974164+00:00,18,0,0,53
2026-09-25T01:21:31.975170+00:00,18,0,0,53
2026-09-25T01:21:33.976417+00:00,18,0,0,53
2026-09-25T01:21:35.977749+00:00,18,0,0,53
2026-09-25T01:21:37.978856+00:00,18,0,0,53
2026-09-25T01:21:39.979841+00:00,18,0,0,53
2026-09-25T01:21:41.980988+00:00,19,0,0,53
2026-09-25T01:21:43.982202+00:00,19,0,0,53
2026-09-25T01:21:45.983933+00:00,19,0,0,53
2026-09-25T01:21:47.985085+00:00,19,0,0,53
2026-09-25T01:21:49.986106+00:00,19,0,0,53
2026-09-25T01:21:51.987231+00:00,19,0,0,53
2026-09-25T01:21:53.988499+00:00,19,0,0,53
2026-09-25T01:21:55.989576+00:00,19,0,0,53
2026-09-25T01:21:57.990750+00:00,20,0,0,53
2026-09-25T01:21:59.991890+00:00,20,0,0,53
2026-09-25T01:22:01.993245+00:00,20,0,0,53
2026-09-25T01:22:03.994508+00:00,20,0,0,53
2026-09-25T01:22:05.996136+00:00,20,0,0,53
2026-09-25T01:22:07.998746+00:00,20,0,0,53
2026-09-25T01:22:09.999856+00:00,20,0,0,53
2026-09-25T01:22:12.000883+00:00,20,0,0,53
2026-09-25T01:22:14.002616+00:00,21,0,0,53
2026-09-25T01:22:16.003658+00:00,21,0,0,53
2026-09-25T01:22:18.004732+00:00,21,0,0,53
2026-09-25T01:22:20.006074+00:00,21,0,0,53
2026-09-25T01:22:22.007146+00:00,21,0,0,53
2026-09-25T01:22:24.008191+00:00,21,0,0,53
2026-09-25T01:22:26.009427+00:00,21,0,0,53
2026-09-25T01:22:28.010631+00:00,21,0,0,53
