2026/10/02 15:35:59.629, NVIDIA GeForce RTX 5090 Laptop GPU, 92.33, 58, 1567, 10820, 14630, 93
2026/10/02 15:36:00.643, NVIDIA GeForce RTX 5090 Laptop GPU, 94.11, 58, 1822, 9001, 14630, 93
2026/10/02 15:36:01.645, NVIDIA GeForce RTX 5090 Laptop GPU, 93.12, 59, 1545, 10820, 14630, 93
2026/10/02 15:36:02.651, NVIDIA GeForce RTX 5090 Laptop GPU, 94.31, 59, 1545, 10820, 14630, 92
2026/10/02 15:36:03.653, NVIDIA GeForce RTX 5090 Laptop GPU, 86.96, 60, 1477, 10820, 14630, 93
2026/10/02 15:36:04.656, NVIDIA GeForce RTX 5090 Laptop GPU, 94.98, 61, 1447, 10820, 14630, 94
2026/10/02 15:36:05.662, NVIDIA GeForce RTX 5090 Laptop GPU, 95.10, 61, 1470, 10820, 14630, 93
2026/10/02 15:36:06.666, NVIDIA GeForce RTX 5090 Laptop GPU, 100.37, 62, 1402, 10820, 14630, 90
2026/10/02 15:36:07.669, NVIDIA GeForce RTX 5090 Laptop GPU, 81.55, 62, 1095, 10820, 14630, 94
2026/10/02 15:36:08.671, NVIDIA GeForce RTX 5090 Laptop GPU, 90.76, 62, 1185, 10820, 14630, 94
2026/10/02 15:36:09.674, NVIDIA GeForce RTX 5090 Laptop GPU, 78.83, 63, 1042, 10820, 14630, 95
2026/10/02 15:36:10.678, NVIDIA GeForce RTX 5090 Laptop GPU, 81.48, 63, 1027, 10820, 14630, 95
2026/10/02 15:36:11.682, NVIDIA GeForce RTX 5090 Laptop GPU, 82.00, 63, 1162, 10820, 14630, 94
2026/10/02 15:36:12.684, NVIDIA GeForce RTX 5090 Laptop GPU, 87.60, 64, 1117, 10820, 14630, 94
2026/10/02 15:36:13.686, NVIDIA GeForce RTX 5090 Laptop GPU, 87.49, 64, 1177, 10820, 14630, 94
2026/10/02 15:36:14.689, NVIDIA GeForce RTX 5090 Laptop GPU, 81.53, 64, 1102, 10820, 14630, 95
2026/10/02 15:36:15.690, NVIDIA GeForce RTX 5090 Laptop GPU, 85.39, 65, 1110, 10820, 14630, 95
2026/10/02 15:36:16.693, NVIDIA GeForce RTX 5090 Laptop GPU, 83.43, 65, 1230, 10820, 14630, 95
2026/10/02 15:36:17.695, NVIDIA GeForce RTX 5090 Laptop GPU, 88.62, 65, 1395, 10820, 14630, 94
2026/10/02 15:36:18.700, NVIDIA GeForce RTX 5090 Laptop GPU, 84.61, 66, 1395, 10820, 14630, 95
2026/10/02 15:36:19.702, NVIDIA GeForce RTX 5090 Laptop GPU, 85.05, 66, 1417, 10820, 14629, 92
2026/10/02 15:36:20.705, NVIDIA GeForce RTX 5090 Laptop GPU, 85.42, 66, 1395, 10820, 14629, 94
2026/10/02 15:36:21.707, NVIDIA GeForce RTX 5090 Laptop GPU, 87.04, 66, 1447, 10820, 14629, 94
2026/10/02 15:36:22.709, NVIDIA GeForce RTX 5090 Laptop GPU, 88.59, 67, 1455, 10820, 14629, 94
2026/10/02 15:36:23.712, NVIDIA GeForce RTX 5090 Laptop GPU, 88.07, 67, 1447, 10820, 14629, 94
2026/10/02 15:36:24.714, NVIDIA GeForce RTX 5090 Laptop GPU, 88.45, 67, 1432, 10820, 14629, 94
2026/10/02 15:36:25.716, NVIDIA GeForce RTX 5090 Laptop GPU, 88.18, 67, 1447, 10820, 14629, 94
2026/10/02 15:36:26.718, NVIDIA GeForce RTX 5090 Laptop GPU, 89.31, 67, 1447, 10820, 14629, 90
2026/10/02 15:36:27.721, NVIDIA GeForce RTX 5090 Laptop GPU, 89.69, 68, 1455, 10820, 14629, 94
2026/10/02 15:36:28.723, NVIDIA GeForce RTX 5090 Laptop GPU, 89.90, 68, 1462, 10820, 14629, 93
2026/10/02 15:36:29.726, NVIDIA GeForce RTX 5090 Laptop GPU, 85.73, 68, 1395, 10820, 14629, 94
2026/10/02 15:36:30.732, NVIDIA GeForce RTX 5090 Laptop GPU, 86.61, 68, 1350, 10820, 14629, 94
2026/10/02 15:36:31.736, NVIDIA GeForce RTX 5090 Laptop GPU, 88.49, 68, 1395, 10820, 14629, 91
2026/10/02 15:36:32.738, NVIDIA GeForce RTX 5090 Laptop GPU, 87.61, 69, 1402, 10820, 14629, 94
2026/10/02 15:36:33.740, NVIDIA GeForce RTX 5090 Laptop GPU, 88.93, 69, 1440, 10820, 14629, 94
2026/10/02 15:36:34.743, NVIDIA GeForce RTX 5090 Laptop GPU, 87.82, 69, 1440, 10820, 14629, 94
2026/10/02 15:36:35.746, NVIDIA GeForce RTX 5090 Laptop GPU, 86.61, 69, 1372, 10820, 14629, 95
2026/10/02 15:36:36.749, NVIDIA GeForce RTX 5090 Laptop GPU, 89.14, 69, 1395, 10820, 14629, 93
2026/10/02 15:36:37.755, NVIDIA GeForce RTX 5090 Laptop GPU, 88.11, 69, 1402, 10820, 14629, 94
2026/10/02 15:36:38.773, NVIDIA GeForce RTX 5090 Laptop GPU, 87.32, 70, 1417, 10820, 14629, 93
2026/10/02 15:36:39.780, NVIDIA GeForce RTX 5090 Laptop GPU, 84.58, 70, 1297, 10820, 14629, 94
2026/10/02 15:36:40.782, NVIDIA GeForce RTX 5090 Laptop GPU, 85.82, 69, 1312, 10820, 14629, 95
2026/10/02 15:36:41.784, NVIDIA GeForce RTX 5090 Laptop GPU, 88.23, 70, 1395, 10820, 14629, 94
2026/10/02 15:36:42.796, NVIDIA GeForce RTX 5090 Laptop GPU, 88.22, 70, 1387, 10820, 14629, 94
2026/10/02 15:36:43.798, NVIDIA GeForce RTX 5090 Laptop GPU, 89.75, 70, 1417, 10820, 14629, 94
2026/10/02 15:36:44.801, NVIDIA GeForce RTX 5090 Laptop GPU, 53.61, 70, 1410, 10820, 14629, 89
2026/10/02 15:36:45.805, NVIDIA GeForce RTX 5090 Laptop GPU, 87.02, 70, 1380, 10820, 14629, 94
2026/10/02 15:36:46.807, NVIDIA GeForce RTX 5090 Laptop GPU, 87.33, 70, 1432, 10820, 14629, 94
2026/10/02 15:36:47.815, NVIDIA GeForce RTX 5090 Laptop GPU, 88.92, 71, 1477, 10820, 14629, 95
2026/10/02 15:36:48.817, NVIDIA GeForce RTX 5090 Laptop GPU, 87.71, 71, 1477, 10820, 14629, 95
2026/10/02 15:36:49.820, NVIDIA GeForce RTX 5090 Laptop GPU, 88.04, 71, 1395, 10820, 14629, 94
2026/10/02 15:36:50.823, NVIDIA GeForce RTX 5090 Laptop GPU, 89.13, 71, 1477, 10820, 14629, 94
2026/10/02 15:36:51.825, NVIDIA GeForce RTX 5090 Laptop GPU, 87.53, 71, 1470, 10820, 14629, 95
2026/10/02 15:36:52.827, NVIDIA GeForce RTX 5090 Laptop GPU, 87.66, 73, 1440, 10820, 14629, 94
2026/10/02 15:36:53.829, NVIDIA GeForce RTX 5090 Laptop GPU, 88.52, 71, 1455, 10820, 14629, 94
2026/10/02 15:36:54.832, NVIDIA GeForce RTX 5090 Laptop GPU, 90.15, 71, 1477, 10820, 14629, 93
2026/10/02 15:36:55.834, NVIDIA GeForce RTX 5090 Laptop GPU, 89.23, 71, 1462, 10820, 14629, 94
2026/10/02 15:36:56.836, NVIDIA GeForce RTX 5090 Laptop GPU, 89.60, 71, 1470, 10820, 14629, 95
2026/10/02 15:36:57.839, NVIDIA GeForce RTX 5090 Laptop GPU, 87.90, 71, 1380, 10820, 14629, 94
2026/10/02 15:36:58.841, NVIDIA GeForce RTX 5090 Laptop GPU, 88.98, 71, 1462, 10820, 14629, 94
2026/10/02 15:36:59.844, NVIDIA GeForce RTX 5090 Laptop GPU, 88.18, 71, 1477, 10820, 14629, 95
2026/10/02 15:37:00.848, NVIDIA GeForce RTX 5090 Laptop GPU, 89.95, 72, 1492, 10820, 14629, 95
2026/10/02 15:37:01.850, NVIDIA GeForce RTX 5090 Laptop GPU, 90.68, 71, 1162, 14001, 14629, 96
2026/10/02 15:37:02.854, NVIDIA GeForce RTX 5090 Laptop GPU, 87.55, 70, 1507, 10820, 14629, 92
2026/10/02 15:37:03.856, NVIDIA GeForce RTX 5090 Laptop GPU, 90.83, 71, 1522, 10820, 14629, 94
2026/10/02 15:37:04.859, NVIDIA GeForce RTX 5090 Laptop GPU, 90.67, 71, 1222, 14001, 14629, 94
2026/10/02 15:37:05.862, NVIDIA GeForce RTX 5090 Laptop GPU, 87.45, 71, 1050, 14001, 14629, 96
2026/10/02 15:37:06.864, NVIDIA GeForce RTX 5090 Laptop GPU, 90.32, 71, 1260, 14001, 14629, 96
2026/10/02 15:37:07.866, NVIDIA GeForce RTX 5090 Laptop GPU, 90.46, 71, 1500, 10820, 14629, 94
2026/10/02 15:37:08.868, NVIDIA GeForce RTX 5090 Laptop GPU, 89.62, 71, 877, 14001, 14629, 95
2026/10/02 15:37:09.871, NVIDIA GeForce RTX 5090 Laptop GPU, 91.14, 71, 787, 14001, 14629, 96
2026/10/02 15:37:10.874, NVIDIA GeForce RTX 5090 Laptop GPU, 95.09, 71, 1102, 14001, 14629, 96
2026/10/02 15:37:11.876, NVIDIA GeForce RTX 5090 Laptop GPU, 92.26, 71, 1177, 10820, 14629, 94
2026/10/02 15:37:12.878, NVIDIA GeForce RTX 5090 Laptop GPU, 89.38, 71, 855, 14001, 14649, 94
2026/10/02 15:37:13.880, NVIDIA GeForce RTX 5090 Laptop GPU, 90.94, 71, 735, 14001, 14648, 95
2026/10/02 15:37:14.883, NVIDIA GeForce RTX 5090 Laptop GPU, 87.41, 71, 1102, 14001, 14669, 77
2026/10/02 15:37:15.885, NVIDIA GeForce RTX 5090 Laptop GPU, 98.91, 71, 810, 14001, 14673, 95
2026/10/02 15:37:16.890, NVIDIA GeForce RTX 5090 Laptop GPU, 91.81, 71, 735, 14001, 14672, 96
2026/10/02 15:37:17.891, NVIDIA GeForce RTX 5090 Laptop GPU, 93.24, 71, 1447, 10820, 14668, 95
2026/10/02 15:37:18.894, NVIDIA GeForce RTX 5090 Laptop GPU, 92.80, 71, 795, 14001, 14660, 94
2026/10/02 15:37:19.897, NVIDIA GeForce RTX 5090 Laptop GPU, 90.41, 71, 727, 14001, 14631, 97
2026/10/02 15:37:20.899, NVIDIA GeForce RTX 5090 Laptop GPU, 92.53, 71, 1087, 14001, 14629, 96
2026/10/02 15:37:21.901, NVIDIA GeForce RTX 5090 Laptop GPU, 92.82, 70, 817, 14001, 14629, 95
2026/10/02 15:37:22.903, NVIDIA GeForce RTX 5090 Laptop GPU, 89.36, 71, 1417, 10820, 14629, 94
2026/10/02 15:37:23.906, NVIDIA GeForce RTX 5090 Laptop GPU, 92.72, 71, 810, 14001, 14629, 89
2026/10/02 15:37:24.909, NVIDIA GeForce RTX 5090 Laptop GPU, 91.32, 71, 727, 14001, 14629, 96
2026/10/02 15:37:25.913, NVIDIA GeForce RTX 5090 Laptop GPU, 93.81, 71, 1440, 10820, 14629, 94
2026/10/02 15:37:26.925, NVIDIA GeForce RTX 5090 Laptop GPU, 97.07, 70, 802, 14001, 14645, 94
2026/10/02 15:37:27.927, NVIDIA GeForce RTX 5090 Laptop GPU, 88.82, 71, 772, 14001, 14674, 95
2026/10/02 15:37:28.929, NVIDIA GeForce RTX 5090 Laptop GPU, 93.20, 70, 1462, 10820, 14672, 95
2026/10/02 15:37:29.934, NVIDIA GeForce RTX 5090 Laptop GPU, 93.43, 69, 832, 14001, 14665, 95
2026/10/02 15:37:30.937, NVIDIA GeForce RTX 5090 Laptop GPU, 92.39, 69, 1125, 14001, 14655, 93
2026/10/02 15:37:31.939, NVIDIA GeForce RTX 5090 Laptop GPU, 88.17, 70, 1462, 10820, 14658, 95
2026/10/02 15:37:32.942, NVIDIA GeForce RTX 5090 Laptop GPU, 95.50, 70, 1545, 10820, 14669, 96
2026/10/02 15:37:33.945, NVIDIA GeForce RTX 5090 Laptop GPU, 86.75, 70, 1290, 14001, 14657, 96
2026/10/02 15:37:34.948, NVIDIA GeForce RTX 5090 Laptop GPU, 84.60, 69, 1455, 14001, 14657, 96
2026/10/02 15:37:35.950, NVIDIA GeForce RTX 5090 Laptop GPU, 86.79, 70, 1597, 10820, 14657, 95
2026/10/02 15:37:36.956, NVIDIA GeForce RTX 5090 Laptop GPU, 91.35, 69, 1297, 14001, 14657, 95
2026/10/02 15:37:37.961, NVIDIA GeForce RTX 5090 Laptop GPU, 84.62, 69, 1605, 10820, 14628, 95
2026/10/02 15:37:38.972, NVIDIA GeForce RTX 5090 Laptop GPU, 88.04, 69, 1575, 10820, 14628, 93
2026/10/02 15:37:39.975, NVIDIA GeForce RTX 5090 Laptop GPU, 85.43, 69, 1500, 10820, 14636, 95
2026/10/02 15:37:40.978, NVIDIA GeForce RTX 5090 Laptop GPU, 86.26, 69, 1485, 10820, 14628, 94
2026/10/02 15:37:41.981, NVIDIA GeForce RTX 5090 Laptop GPU, 88.57, 69, 1500, 10820, 14628, 94
2026/10/02 15:37:42.987, NVIDIA GeForce RTX 5090 Laptop GPU, 88.58, 68, 1507, 10820, 14628, 94
2026/10/02 15:37:43.989, NVIDIA GeForce RTX 5090 Laptop GPU, 88.89, 68, 1500, 10820, 14628, 96
2026/10/02 15:37:44.992, NVIDIA GeForce RTX 5090 Laptop GPU, 89.83, 69, 1410, 10820, 14628, 95
2026/10/02 15:37:45.994, NVIDIA GeForce RTX 5090 Laptop GPU, 88.33, 68, 1537, 10820, 14628, 95
2026/10/02 15:37:46.996, NVIDIA GeForce RTX 5090 Laptop GPU, 90.08, 68, 1245, 14001, 14628, 95
2026/10/02 15:37:47.999, NVIDIA GeForce RTX 5090 Laptop GPU, 89.56, 69, 1477, 10820, 14634, 94
2026/10/02 15:37:49.002, NVIDIA GeForce RTX 5090 Laptop GPU, 87.54, 67, 1275, 14001, 14634, 96
2026/10/02 15:37:50.004, NVIDIA GeForce RTX 5090 Laptop GPU, 87.27, 68, 1560, 10820, 14634, 95
2026/10/02 15:37:51.007, NVIDIA GeForce RTX 5090 Laptop GPU, 86.78, 69, 1462, 10820, 14634, 95
2026/10/02 15:37:52.010, NVIDIA GeForce RTX 5090 Laptop GPU, 86.57, 68, 1575, 10820, 14634, 95
2026/10/02 15:37:53.013, NVIDIA GeForce RTX 5090 Laptop GPU, 87.40, 67, 1545, 10820, 14634, 95
2026/10/02 15:37:54.016, NVIDIA GeForce RTX 5090 Laptop GPU, 86.11, 69, 1440, 10820, 14635, 94
2026/10/02 15:37:55.018, NVIDIA GeForce RTX 5090 Laptop GPU, 85.25, 67, 1462, 10820, 14635, 95
2026/10/02 15:37:56.021, NVIDIA GeForce RTX 5090 Laptop GPU, 87.71, 67, 1485, 10820, 14635, 95
2026/10/02 15:37:57.024, NVIDIA GeForce RTX 5090 Laptop GPU, 88.93, 68, 1387, 10820, 14635, 95
2026/10/02 15:37:58.027, NVIDIA GeForce RTX 5090 Laptop GPU, 89.27, 67, 1515, 10820, 14635, 95
2026/10/02 15:37:59.032, NVIDIA GeForce RTX 5090 Laptop GPU, 88.61, 67, 1507, 10820, 14635, 95
2026/10/02 15:38:00.035, NVIDIA GeForce RTX 5090 Laptop GPU, 90.80, 67, 1417, 10820, 14635, 94
2026/10/02 15:38:01.038, NVIDIA GeForce RTX 5090 Laptop GPU, 86.00, 67, 1447, 10820, 14630, 95
2026/10/02 15:38:02.040, NVIDIA GeForce RTX 5090 Laptop GPU, 86.28, 67, 1470, 10820, 14630, 95
2026/10/02 15:38:03.043, NVIDIA GeForce RTX 5090 Laptop GPU, 85.06, 67, 1402, 10820, 14634, 94
2026/10/02 15:38:04.048, NVIDIA GeForce RTX 5090 Laptop GPU, 84.51, 66, 1432, 10820, 14634, 94
2026/10/02 15:38:05.050, NVIDIA GeForce RTX 5090 Laptop GPU, 88.37, 66, 1485, 10820, 14634, 95
2026/10/02 15:38:06.056, NVIDIA GeForce RTX 5090 Laptop GPU, 89.42, 67, 1470, 10820, 14634, 95
2026/10/02 15:38:07.059, NVIDIA GeForce RTX 5090 Laptop GPU, 91.40, 66, 915, 14001, 14634, 95
2026/10/02 15:38:08.064, NVIDIA GeForce RTX 5090 Laptop GPU, 86.04, 66, 1462, 10820, 14636, 95
2026/10/02 15:38:09.067, NVIDIA GeForce RTX 5090 Laptop GPU, 87.12, 66, 1402, 10820, 14636, 95
2026/10/02 15:38:10.069, NVIDIA GeForce RTX 5090 Laptop GPU, 86.50, 66, 1470, 10820, 14636, 95
2026/10/02 15:38:11.071, NVIDIA GeForce RTX 5090 Laptop GPU, 80.77, 66, 1440, 10820, 14636, 95
2026/10/02 15:38:12.075, NVIDIA GeForce RTX 5090 Laptop GPU, 90.19, 66, 1395, 10820, 14641, 95
2026/10/02 15:38:13.078, NVIDIA GeForce RTX 5090 Laptop GPU, 86.64, 66, 1417, 10820, 14636, 95
2026/10/02 15:38:14.083, NVIDIA GeForce RTX 5090 Laptop GPU, 82.10, 66, 1447, 10820, 14635, 95
2026/10/02 15:38:15.085, NVIDIA GeForce RTX 5090 Laptop GPU, 86.42, 66, 1417, 10820, 14635, 95
2026/10/02 15:38:16.088, NVIDIA GeForce RTX 5090 Laptop GPU, 88.37, 66, 1485, 10820, 14635, 95
2026/10/02 15:38:17.091, NVIDIA GeForce RTX 5090 Laptop GPU, 88.82, 67, 1485, 10820, 14635, 95
2026/10/02 15:38:18.093, NVIDIA GeForce RTX 5090 Laptop GPU, 91.59, 66, 1477, 10820, 14635, 95
2026/10/02 15:38:19.097, NVIDIA GeForce RTX 5090 Laptop GPU, 88.39, 66, 1500, 10820, 14635, 94
2026/10/02 15:38:20.099, NVIDIA GeForce RTX 5090 Laptop GPU, 87.00, 67, 1380, 10820, 14635, 91
2026/10/02 15:38:21.104, NVIDIA GeForce RTX 5090 Laptop GPU, 86.73, 66, 1470, 10820, 14635, 95
2026/10/02 15:38:22.107, NVIDIA GeForce RTX 5090 Laptop GPU, 88.12, 66, 1500, 10820, 14635, 94
2026/10/02 15:38:23.116, NVIDIA GeForce RTX 5090 Laptop GPU, 86.32, 67, 1402, 10820, 14635, 92
2026/10/02 15:38:24.118, NVIDIA GeForce RTX 5090 Laptop GPU, 87.80, 66, 1485, 10820, 14635, 95
2026/10/02 15:38:25.120, NVIDIA GeForce RTX 5090 Laptop GPU, 87.59, 66, 1485, 10820, 14635, 95
2026/10/02 15:38:26.124, NVIDIA GeForce RTX 5090 Laptop GPU, 89.77, 67, 1425, 10820, 14636, 94
2026/10/02 15:38:27.129, NVIDIA GeForce RTX 5090 Laptop GPU, 88.37, 65, 997, 14001, 14636, 95
2026/10/02 15:38:28.134, NVIDIA GeForce RTX 5090 Laptop GPU, 91.28, 65, 1545, 10820, 14636, 92
2026/10/02 15:38:29.136, NVIDIA GeForce RTX 5090 Laptop GPU, 91.41, 66, 1185, 14001, 14630, 93
2026/10/02 15:38:30.138, NVIDIA GeForce RTX 5090 Laptop GPU, 90.61, 66, 1537, 10820, 14634, 95
2026/10/02 15:38:31.141, NVIDIA GeForce RTX 5090 Laptop GPU, 88.67, 65, 1507, 10820, 14634, 95
2026/10/02 15:38:32.144, NVIDIA GeForce RTX 5090 Laptop GPU, 90.99, 66, 1432, 10820, 14634, 93
2026/10/02 15:38:33.149, NVIDIA GeForce RTX 5090 Laptop GPU, 88.00, 65, 1065, 14001, 14634, 96
2026/10/02 15:38:34.152, NVIDIA GeForce RTX 5090 Laptop GPU, 86.46, 65, 1485, 10820, 14634, 95
2026/10/02 15:38:35.156, NVIDIA GeForce RTX 5090 Laptop GPU, 87.62, 66, 1417, 10820, 14638, 99
2026/10/02 15:38:36.182, NVIDIA GeForce RTX 5090 Laptop GPU, 87.92, 65, 1500, 10820, 14638, 94
2026/10/02 15:38:37.186, NVIDIA GeForce RTX 5090 Laptop GPU, 87.47, 65, 1485, 10820, 14637, 95
2026/10/02 15:38:38.189, NVIDIA GeForce RTX 5090 Laptop GPU, 85.29, 66, 1387, 10820, 14712, 98
2026/10/02 15:38:39.192, NVIDIA GeForce RTX 5090 Laptop GPU, 89.28, 65, 1500, 10820, 14703, 92
2026/10/02 15:38:40.197, NVIDIA GeForce RTX 5090 Laptop GPU, 87.33, 65, 1477, 10820, 14663, 95
2026/10/02 15:38:41.201, NVIDIA GeForce RTX 5090 Laptop GPU, 86.27, 67, 1387, 10820, 14684, 98
2026/10/02 15:38:42.204, NVIDIA GeForce RTX 5090 Laptop GPU, 87.33, 66, 1500, 10820, 14684, 95
2026/10/02 15:38:43.206, NVIDIA GeForce RTX 5090 Laptop GPU, 85.08, 66, 1462, 10820, 14709, 94
2026/10/02 15:38:44.209, NVIDIA GeForce RTX 5090 Laptop GPU, 86.42, 67, 1432, 10820, 14704, 98
2026/10/02 15:38:45.211, NVIDIA GeForce RTX 5090 Laptop GPU, 85.63, 66, 1485, 10820, 14696, 95
2026/10/02 15:38:46.214, NVIDIA GeForce RTX 5090 Laptop GPU, 88.23, 66, 1500, 10820, 14663, 95
2026/10/02 15:38:47.218, NVIDIA GeForce RTX 5090 Laptop GPU, 85.13, 66, 1402, 10820, 14677, 95
2026/10/02 15:38:48.220, NVIDIA GeForce RTX 5090 Laptop GPU, 88.37, 66, 1417, 10820, 14673, 94
2026/10/02 15:38:49.222, NVIDIA GeForce RTX 5090 Laptop GPU, 88.98, 66, 1462, 10820, 14663, 94
2026/10/02 15:38:50.236, NVIDIA GeForce RTX 5090 Laptop GPU, 25.91, 63, 517, 9001, 14662, 3
2026/10/02 15:38:51.238, NVIDIA GeForce RTX 5090 Laptop GPU, 46.04, 66, 1852, 10820, 14663, 58
2026/10/02 15:38:52.244, NVIDIA GeForce RTX 5090 Laptop GPU, 103.97, 66, 1747, 10820, 14656, 93
2026/10/02 15:38:53.247, NVIDIA GeForce RTX 5090 Laptop GPU, 101.86, 65, 1312, 14001, 14656, 94
2026/10/02 15:38:54.251, NVIDIA GeForce RTX 5090 Laptop GPU, 98.21, 65, 990, 14001, 14655, 94
2026/10/02 15:38:55.255, NVIDIA GeForce RTX 5090 Laptop GPU, 26.37, 63, 532, 9001, 13973, 4
2026/10/02 15:38:56.257, NVIDIA GeForce RTX 5090 Laptop GPU, 23.62, 62, 510, 9001, 6031, 2
2026/10/02 15:38:57.268, NVIDIA GeForce RTX 5090 Laptop GPU, 23.05, 62, 562, 810, 6031, 3
2026/10/02 15:38:58.271, NVIDIA GeForce RTX 5090 Laptop GPU, 19.18, 61, 577, 405, 5664, 5
2026/10/02 15:38:59.273, NVIDIA GeForce RTX 5090 Laptop GPU, 18.65, 61, 675, 405, 5665, 7
2026/10/02 15:39:00.278, NVIDIA GeForce RTX 5090 Laptop GPU, 19.67, 60, 645, 405, 5665, 6
2026/10/02 15:39:01.282, NVIDIA GeForce RTX 5090 Laptop GPU, 20.58, 60, 637, 405, 5660, 5
2026/10/02 15:39:02.285, NVIDIA GeForce RTX 5090 Laptop GPU, 18.55, 60, 637, 405, 5660, 10
2026/10/02 15:39:03.295, NVIDIA GeForce RTX 5090 Laptop GPU, 21.61, 59, 735, 405, 5663, 9
2026/10/02 15:39:04.299, NVIDIA GeForce RTX 5090 Laptop GPU, 18.92, 59, 555, 405, 5663, 4
2026/10/02 15:39:05.302, NVIDIA GeForce RTX 5090 Laptop GPU, 19.78, 59, 562, 405, 5663, 4
2026/10/02 15:39:06.305, NVIDIA GeForce RTX 5090 Laptop GPU, 19.25, 58, 637, 405, 5662, 4
2026/10/02 15:39:07.308, NVIDIA GeForce RTX 5090 Laptop GPU, 15.26, 58, 712, 405, 5663, 6
2026/10/02 15:39:08.317, NVIDIA GeForce RTX 5090 Laptop GPU, 17.90, 58, 637, 405, 5663, 5
2026/10/02 15:39:09.337, NVIDIA GeForce RTX 5090 Laptop GPU, 16.62, 58, 645, 405, 5663, 6
2026/10/02 15:39:10.349, NVIDIA GeForce RTX 5090 Laptop GPU, 18.73, 57, 637, 405, 5661, 5
2026/10/02 15:39:11.352, NVIDIA GeForce RTX 5090 Laptop GPU, 18.74, 57, 697, 405, 5662, 5
2026/10/02 15:39:12.367, NVIDIA GeForce RTX 5090 Laptop GPU, 19.85, 57, 637, 405, 5662, 7
2026/10/02 15:39:13.370, NVIDIA GeForce RTX 5090 Laptop GPU, 20.52, 57, 810, 405, 5662, 8
2026/10/02 15:39:14.373, NVIDIA GeForce RTX 5090 Laptop GPU, 18.77, 56, 682, 405, 5662, 5
2026/10/02 15:39:15.376, NVIDIA GeForce RTX 5090 Laptop GPU, 17.98, 56, 660, 405, 5662, 4
2026/10/02 15:39:16.379, NVIDIA GeForce RTX 5090 Laptop GPU, 18.53, 56, 615, 405, 5662, 4
2026/10/02 15:39:17.394, NVIDIA GeForce RTX 5090 Laptop GPU, 20.59, 56, 750, 405, 5660, 7
2026/10/02 15:39:18.398, NVIDIA GeForce RTX 5090 Laptop GPU, 20.12, 55, 727, 405, 5660, 4
2026/10/02 15:39:19.401, NVIDIA GeForce RTX 5090 Laptop GPU, 18.24, 55, 607, 405, 5660, 5
2026/10/02 15:39:20.405, NVIDIA GeForce RTX 5090 Laptop GPU, 17.80, 55, 600, 405, 5660, 5
2026/10/02 15:39:21.408, NVIDIA GeForce RTX 5090 Laptop GPU, 18.47, 55, 690, 405, 5660, 7
2026/10/02 15:39:22.425, NVIDIA GeForce RTX 5090 Laptop GPU, 18.43, 55, 660, 405, 5660, 5
2026/10/02 15:39:23.434, NVIDIA GeForce RTX 5090 Laptop GPU, 18.11, 55, 652, 405, 5660, 5
2026/10/02 15:39:24.438, NVIDIA GeForce RTX 5090 Laptop GPU, 16.46, 55, 652, 405, 5660, 4
